DateTime,AlertDateTime,Case,Status,Comment
"2026/7/16 8:39am",2026/7/16 8:39am,24280,approve,true
"2026/7/16 8:39am","22/7/1016 11:11","12345","block","test test"
"2026/7/16 8:39am","22/7/1016 11:11","12345","decline","test test"
"2026/7/16 8:39am","22/7/1016 11:11","12345","decline","test test"
"2026/7/16 8:39am","22/7/1016 11:11","12345","decline","test test"
"2026-07-24T02:03:31.9024179Z","2026-07-06 08:52:00 UTC+07","25578","","test test"
"2026-07-24T02:07:58.0997247Z","2026-07-06 08:52:00 UTC+07","25579","","test test"
"2026-07-24T02:10:09.9065561Z","2026-07-06 08:52:00 UTC+07","25580","","test test"
"2026-07-24T02:46:13.0684095Z","2026-07-24 08:31:00 UTC+07","25589","Cancel","test test"
"2026-07-24T02:48:49.5415491Z","2026-07-24 08:31:00 UTC+07","25590","Cancel","test test"
"2026-07-24T02:56:08.3078469Z","2026-07-24 09:44:36 UTC+07","25591","","test test"
"2026-07-24T03:02:19.3813101Z","2026-07-06 08:52:00 UTC+07","25585","","test test"